"K: kommitment, ansonsten Kürzel der Person (AN,JM,RW)",,,,,,GV-Vorjahr,"30.000,00 €",,,K,BW,AN,RW,JM,,,,,,,,,
VB: Verrechnungsbuchung,,,,,,Umsatz:,"859.934,06 €",,Umsatz ,"526.918,74 €","29.426,88 €","78.386,45 €","89.231,23 €","165.397,65 €",,,,,,,,,
KA: Kontoabschluss,,UstVZ: Umsatzsteuervorauszahlung,,,,Kosten:,"513.547,97 €",,Kosten netto (-19%),"513.547,97 €","11.894,60 €","3.750,90 €","5.362,76 €","3.614,46 €",,,,,,,,,
GV: Gewinnvorab,,GV-Vorjahr: Gewinnverteilung Vorjahr,,,,AR ausstehend,"86.574,91 €",,KG Erlös/Anteil,"13.370,76 €",,,,,,,,,,,,,
ER: Eingangsrechnung,,,,,,AR bezahlt,"1.021.152,28 €",,KG Erlös-Rückstellung/Anteil,"13.370,76 €",,"4.456,92 €","4.456,92 €","4.456,92 €",,,,,,,,,
AR: Ausgangsrechnung,,,,,,ER ungezahlt,"2.799,27 €",,Auszahlung bisher,,,"54.000,00 €","59.000,00 €","54.000,00 €",,,,,,,,,
Jahr,,2016,,,,ER gezahlt,"608.322,82 €",,GwSt. Anteil,,,"7.455,90 €","8.431,93 €","15.286,91 €",,,,,,,,,
KommitmentAnteil,,25%,,,,UstVZ:,"46.754,19 €",,% GW-Anteile,,,"23,92%","27,05%","49,04%",,,,,,,,,
Vertriebsanteil,,5%,,,,GV ausgezahlt,"187.000,00 €",,erwarteter Anteil,,,"21.387,46 €","26.256,22 €","100.567,66 €","154.646,55 €",,,,,,,,
Gewerbesteuer,,9%,,,,Umsatz-Kosten,"346.386,09 €",,70% Anteil - Auszahlung,,,"16.930,54 €","21.799,30 €","96.110,74 €",,,,,,,,,
Umsatzsteuer,,19%,,,,Kontostand,"395.219,77 €",=Kontostand,,,,Gewinnanteil Kommanditist vor Gsteuer,,,,Vertriebsanteil Kommanditist,,,,Netto Rechnungsposition,,,
BeuteRückstellung,,0,,,,,,,,"526.918,74 €","29.426,88 €","78.386,45 €","89.231,23 €","165.397,65 €","1.108,67 €","1.769,25 €","3.962,48 €","36.161,84 €","40.454,59 €","108.274,56 €","121.812,50 €","184.622,59 €","423.205,57 €"
Typ,"cost 
center",Betreff,Betrag (brutto),"Zuordnung
Mnt/Ordner","File 
angelegt","Papier 
im Ordner","
Buchungstag
Wertstellung","246.144,50",,Kommitment,BW,AN,RW,JM,BW,AN,RW,JM,BW,AN,RW,JM,Extern
ER,K,"hauptsache.net, Büro- und Konfimiete","824,78 €",2017-01,1.1.2017,13.1.2017,2.1.2017,"245.319,72 €",,,,,,,,,,,,,,,
GV,AN,Anke,"4.000,00 €",2017-01,1.1.2017,n.n. JM,2.1.2017,"241.319,72 €",,,,,,,,,,,,,,,
GV,RW,Ralf,"6.000,00 €",2017-01,1.1.2017,n.n. JM,2.1.2017,"235.319,72 €",,,,,,,,,,,,,,,
GV,JM,Johannes,"6.000,00 €",2017-01,1.1.2017,n.n. JM,2.1.2017,"229.319,72 €",,,,,,,,,,,,,,,
ER,RW,Flug OOP MUC -> HH,"193,55 €",2017-01,6.1.2017,,4.1.2017,"229.126,17 €",,,,,,,,,,,,,,,
ER,AN,mite,"5,00 €",2017-01,6.1.2017,,6.1.2017,"229.121,17 €",,,,,,,,,,,,,,,
ER,K,20170104-Belegabrechnung-BB-JM-01,"497,68 €",2017-01,8.1.2017,8.1.2017,8.1.2017,"228.623,49 €",,,,,,,,,,,,,,,
GV,AN,Anke,"2.000,00 €",2017-01,10.1.2017,,10.1.2017,"226.623,49 €",,,,,,,,,,,,,,,
UstVZ,K,"SEPA-Basislastschrift
STEUERKASSE HAMBURG
STEUERNR 048/638/01147 UMS.
ST NOV.16 8.622,13EUR","8.622,13 €",2017-01,,,13.1.2017,"218.001,36 €",,,,,,,,,,,,,,,
ER,RW,Bahncard 25,"62,00 €",2017-01,,,16.1.2017,"217.939,36 €",,,,,,,,,,,,,,,
GV-Vorjahr,RW,BV 2016,"30.000,00 €",2017-01,,,16.1.2017,"187.939,36 €",,,,,,,,,,,,,,,
ER,K,20170110-Belegabrechnung-BB-JM,"677,51 €",2017-01,18.1.2017,,18.1.2017,"187.261,85 €",,,,,,,,,,,,,,,
ER,K,"Ministry für BB, RN: 38961, 38987, 38991","4.284,00 €",2017-01,27.1.2017,bei Jochen,27.1.2017,"182.977,85 €",,,,,,,,,,,,,,,
ER,K,Jutta Eckstein für BB,"18.046,35 €",2017-01,27.1.2017,bei Jochen,27.1.2017,"164.931,50 €",,,,,,,,,,,,,,,
ER,AN,Wolkesicher,"4,99 €",2017-01,31.1.2017,bei Jochen,30.1.2017,"164.926,51 €",,,,,,,,,,,,,,,
ER,K,Kontoführung GLS,"18,33 €",2017-01,31.1.2017,bei Jochen,31.1.2017,"164.908,18 €",,,,,,,,,,,,,,,
ER,AN,Belegabrechnung Anke,"160,35 €",2017-01,31.1.2017,bei Jochen,31.1.2017,"164.747,83 €",,,,,,,,,,,,,,,
GV,AN,Anke,"6.000,00 €",2017-02,1.2.2017,bei Jochen,1.2.2017,"158.747,83 €",,,,,,,,,,,,,,,
GV,JM,Johannes,"6.000,00 €",2017-02,1.2.2017,bei Jochen,1.2.2017,"152.747,83 €",,,,,,,,,,,,,,,
GV,RW,Ralf,"6.000,00 €",2017-02,1.2.2017,bei Jochen,1.2.2017,"146.747,83 €",,,,,,,,,,,,,,,
ER,K,Sven Roepstorff für BB,"10.219,13 €",2017-01,1.2.2017,bei Jochen,1.2.2017,"136.528,70 €",,,,,,,,,,,,,,,
ER,AN,Reisekosten WP (gehört zu BA Anke Januar),"99,50 €",2017-01,31.1.2017,bei Jochen,2.2.2017,"136.429,20 €",,,,,,,,,,,,,,,
ER,K,Ulrike Klode,"2.856,00 €",2017-02,2.2.2017,bei Jochen,2.2.2017,"133.573,20 €",,,,,,,,,,,,,,,
ER,RW,Belegabrechnung Ralf Januar,"714,90 €",2017-02,3.2.2017,bei Jochen,3.2.2017,"132.858,30 €",,,,,,,,,,,,,,,
ER,K,"hauptsache.net, Website","3.570,00 €",2017-02,6.2.2017,bei Jochen,6.2.2017,"129.288,30 €",,,,,,,,,,,,,,,
ER,AN,"SEPA-Basislastschrift
YOLK DANKT MITE.YO.LK
SLV6184335262 04.02 03.25 Y
olk dankt mite.yo.lk 201702
-28399-295693","5,00 €",2017-02,,bei Jochen,7.2.2017,"129.283,30 €",,,,,,,,,,,,,,,
ER,K,Ulrike Klode,"2.142,00 €",2017-02,10.2.2017,bei Jochen,10.2.2017,"127.141,30 €",,,,,,,,,,,,,,,
AR,AN,moebel.de,"4.730,25 €",2017-01,31.1.2017,bei Jochen,10.2.2017,"131.871,55 €",,"795,00 €","0,00 €","2.981,25 €","0,00 €","0,00 €","0,00 €","198,75 €","0,00 €","0,00 €",,"3.975,00 €",,,
AR,JM,RN_20170131-picue,"17.225,25 €",2017-01,6.2.2017,bei Jochen,10.2.2017,"149.096,80 €",,"2.895,00 €","0,00 €","0,00 €","7.560,00 €","3.296,25 €","0,00 €","0,00 €","0,00 €","723,75 €",,,"10.800,00 €","3.675,00 €",
AR,JM,Berenberg RN_20170131,"15.518,34 €",2017-01,6.2.2017,bei Jochen,14.2.2017,"164.615,14 €",,"9.763,59 €","0,00 €","0,00 €","0,00 €","2.445,70 €","0,00 €","0,00 €","0,00 €","831,33 €",,,,"2.306,25 €","14.320,32 €"
ER,K,Rundfunkbeitrag,"29,15 €",2017-02,,bei Jochen,15.2.2017,"164.585,99 €",,,,,,,,,,,,,,,
UstVZ,K,Steuerkasse Hamburg,"14.371,47 €",2017-02,,bei Jochen,15.2.2017,"150.214,52 €",,,,,,,,,,,,,,,
ER,K,Internet-Registerauskunft (HR-Auszug),"4,50 €",2017-02,16.2.2017,bei Jochen,16.2.2017,"150.210,02 €",,,,,,,,,,,,,,,
AR,JM,Berenberg RN_20170131 - TEIL2,"4.267,28 €",2017-01,6.2.2017,bei Jochen,17.2.2017,"154.477,30 €",,"3.585,95 €","0,00 €","0,00 €","0,00 €","0,00 €","0,00 €","0,00 €","0,00 €","0,00 €",,,,,"0,00 €"
ER,AN,"SEPA-Basislastschrift
Telekom Deutschland GmbH
MOBILFUNK KUNDENKONTO 00004
7280704 0020417444012641/06
.02.17","37,95 €",2017-02,,bei Jochen,20.2.2017,"154.439,35 €",,,,,,,,,,,,,,,
ER,K,"hauptsache.net, Domains","64,26 €",2017-02,18.2.2017,bei Jochen,20.2.2017,"154.375,09 €",,,,,,,,,,,,,,,
ER,K,"Re-2017-06, Kanban-Coaching Operations für Berenberg","3.614,63 €",2017-01,16.2.2017,bei Jochen,20.2.2017,"150.760,46 €",,,,,,,,,,,,,,,
UstVZ,K,"SEPA-Basislastschrift STEUERKASSE HAMBURG STEUERNR 048/638/01147 GEW. ST 1VJ.17 5.160,00EUR","5.160,00 €",2017-02,,bei Jochen,20.2.2017,"145.600,46 €",,,,,,,,,,,,,,,
ER,K,"SEPA-Basislastschrift
GLS Gemeinschaftsbank eG
MASTERCARD Abrechnung","50,00 €",2017-02,,bei Jochen,21.2.2017,"145.550,46 €",,,,,,,,,,,,,,,
ER,RW,"Internet-Euro-Überweisung
Ralf Wirdemann
BIC:INGDDEFFXXX
IBAN:DE82500105175401478930
Datum: 21.02.17 Zeit: 21:43
UFT 0020630894 TAN 504004
Belegabrechnung 02/2017","308,37 €",2017-02,,,22.2.2017,"145.242,09 €",,,,,,,,,,,,,,,
ER,K,Schulungen für Berenberg durch Ministry,"2.856,00 €",2017-02,21.2.2017,bei Jochen,22.2.2017,"142.386,09 €",,,,,,,,,,,,,,,
AR,JM,Berenberg RN_20170131-Schulungen,"5.355,00 €",2017-01,6.2.2017,bei Jochen,22.2.2017,"147.741,09 €",,"4.050,00 €","0,00 €","0,00 €","0,00 €","225,00 €","0,00 €","0,00 €","0,00 €","225,00 €",,,,,"4.500,00 €"
AR,AN,"Funke Medien, Westfalenpost","10.809,50 €",2017-01,31.1.2017,bei Jochen,22.2.2017,"158.550,59 €",,"3.983,61 €","0,00 €","4.650,00 €","0,00 €","0,00 €","0,00 €","450,00 €","0,00 €","0,00 €",,"6.000,00 €",,,"3.000,00 €"
ER,JM,"SEPA-Basislastschrift
congstar GmbH
Kundennummer 2203095056/RG
7191657774 vom 16.02.17","50,57 €",2017-01,24.2.2017,bei Jochen,23.2.2017,"158.500,02 €",,,,,,,,,,,,,,,
ER,AN,Wolkesicher,"4,99 €",2017-02,21.2.2017,bei Jochen,27.2.2017,"158.495,03 €",,,,,,,,,,,,,,,
ER,K,Handelskammerbeitrag,"135,00 €",2017-02,27.2.2017,bei Jochen,27.2.2017,"158.360,03 €",,,,,,,,,,,,,,,
ER,AN,Belegabrechnung 2017-02,"487,13 €",2017-02,27.2.2017,bei Jochen,27.2.2017,"157.872,90 €",,,,,,,,,,,,,,,
ER,JM,201702-BA-JM,"634,20 €",2017-02,27.2.2017,27.2.2017,27.2.2017,"157.238,70 €",,,,,,,,,,,,,,,
ER,K,"Kontoführung
Abrechnung vom 28.02.2017","17,35 €",2017-02,28.2.2017,bei Jochen,28.2.2017,"157.221,35 €",,,,,,,,,,,,,,,
ER,K,Sven Roepstorff für BB,"11.691,75 €",2017-02,28.2.2017,bei Jochen,28.2.2017,"145.529,60 €",,,,,,,,,,,,,,,
AR,JM,Berenberg-Algo,"24.602,88 €",2017-01,6.2.2017,bei Jochen,28.2.2017,"170.132,48 €",,"20.674,69 €","0,00 €",,,,"0,00 €","0,00 €","0,00 €","0,00 €",,,,,
GV,AN,Anke,"6.000,00 €",2017-03,2.3.2017,bei Jochen,2.3.2017,"164.132,48 €",,,,,,,,,,,,,,,
GV,RW,Ralf,"6.000,00 €",2017-03,2.3.2017,bei Jochen,2.3.2017,"158.132,48 €",,,,,,,,,,,,,,,
GV,JM,Johannes,"6.000,00 €",2017-03,2.3.2017,bei Jochen,2.3.2017,"152.132,48 €",,,,,,,,,,,,,,,
AR,K,"RN_20170222.pdf, SIGS Datacom","357,00 €",2017-02,22.2.2017,bei Jochen,3.3.2017,"152.489,48 €",,"90,00 €","0,00 €","0,00 €","0,00 €","210,00 €","0,00 €","0,00 €","0,00 €","0,00 €",,,,"300,00 €",
AR,JM,"Sigs-Datacom, RN_20161219.gsheet","892,50 €",2017-02,21.2.2017,bei Jochen,3.3.2017,"153.381,98 €",,"150,00 €","0,00 €","0,00 €","0,00 €","562,50 €","0,00 €","0,00 €","0,00 €","37,50 €",,,,"750,00 €",
AR,AN,moebel.de,"3.540,25 €",2017-02,27.2.2017,bei Jochen,3.3.2017,"156.922,23 €",,"595,00 €","0,00 €","2.231,25 €","0,00 €","0,00 €","0,00 €","148,75 €","0,00 €","0,00 €",,"2.975,00 €",,,
ER,K,"Susanne Bartel, Nummer: 2017-09","7.550,55 €",2017-02,3.3.2017,bei Jochen,3.3.2017,"149.371,68 €",,,,,,,,,,,,,,,
AR,AN,"Funke Medien, Westfalenpost","8.703,45 €",2017-02,10.2.2017,bei Jochen,3.3.2017,"158.075,13 €",,"1.553,82 €","0,00 €","5.400,00 €","0,00 €","0,00 €","0,00 €","360,00 €","0,00 €","0,00 €",,"7.200,00 €",,,
ER,K,"Jutta Eckstein, rng170304","19.349,40 €",2017-02,3.3.2017,bei Jochen,3.3.2017,"138.725,73 €",,,,,,,,,,,,,,,
AR,JM,RN_20170131-Algo storno,"-24.602,88 €",2017-01,27.2.2017,bei Jochen,7.3.2017,"114.122,85 €",,"-20.674,69 €","0,00 €",,,,"0,00 €","0,00 €","0,00 €","0,00 €",,,,,
ER,AN,"SEPA-Basislastschrift
YOLK DANKT MITE.YO.LK
SLV6253090705 04.03 04.22 Y
olk dankt mite.yo.lk 201703
-28399-300801","5,00 €",2017-03,8.3.2017,bei Jochen,7.3.2017,"114.117,85 €",,,,,,,,,,,,,,,
AR,JM,RN_20170131-Algo-neu,"25.992,25 €",2017-02,27.2.2017,bei Jochen,7.3.2017,"140.110,10 €",,"18.047,37 €","0,00 €","0,00 €","0,00 €","2.761,12 €","0,00 €","0,00 €","0,00 €","1.033,73 €",,,,"2.467,69 €","18.207,00 €"
ER,AN,Erstattung Differenzbetrag Google-Rechnungen 2016,"20,47 €",2017-03,8.3.2017,bei Jochen,8.3.2017,"140.089,63 €",,,,,,,,,,,,,,,
ER,K,"Ministry für BB, RN: Ministry Group-4-346­17­3","1.428,00 €",2017-03,8.3.2017,bei Jochen,8.3.2017,"138.661,63 €",,,,,,,,,,,,,,,
ER,K,"hauptsache.net, Miete","824,78 €",2017-03,13.3.2017,bei Jochen,13.3.2017,"137.836,85 €",,,,,,,,,,,,,,,
ER,K,Thiemer & Ralf 10745-008,"119,00 €",2017-03,14.3.2017,bei Jochen,14.3.2017,"137.717,85 €",,,,,,,,,,,,,,,
ER,K,Thiemer & Ralf 10745-009,"380,80 €",2017-03,14.3.2017,bei Jochen,14.3.2017,"137.337,05 €",,,,,,,,,,,,,,,
ER,K,mindspace Kaution,"5.247,90 €",2017-03,16.3.2017,16.3.2017,16.3.2017,"132.089,15 €",,,,,,,,,,,,,,,
UstVZ,K,"SEPA-Basislastschrift
STEUERKASSE HAMBURG
STEUERNR 048/638/01147 UMS.
ST JAN.17 7.602,68EUR","7.602,68 €",2017-03,16.3.2017,16.3.2017,16.3.2017,"124.486,47 €",,,,,,,,,,,,,,,
AR,JM,"RN_20170304-Algo, Berenberg","23.219,28 €",2017-02,3.3.2017,bei Jochen,16.3.2017,"147.705,75 €",,"17.560,80 €","0,00 €","0,00 €","0,00 €","975,60 €","0,00 €","0,00 €","0,00 €","975,60 €",,,,,"19.512,00 €"
AR,JM,"RN_20170303-03-Schulungen, Berenberg","3.570,00 €",2017-02,3.3.2017,bei Jochen,17.3.2017,"151.275,75 €",,"2.700,00 €","0,00 €","0,00 €","0,00 €","150,00 €","0,00 €","0,00 €","0,00 €","150,00 €",,,,,"3.000,00 €"
ER,AN,Telekom,"38,54 €",2017-03,8.3.2017,bei Jochen,20.3.2017,"151.237,21 €",,,,,,,,,,,,,,,
AR,JM,"RN_20170303, Berenberg","32.372,00 €",2017-02,3.3.2017,bei Jochen,20.03.2017,"183.609,21 €",,"19.281,15 €","0,00 €","0,00 €","0,00 €","6.562,04 €","0,00 €","0,00 €","0,00 €","1.360,17 €",,,,"7.431,25 €","19.772,11 €"
ER,K,Abrechnung Kreditkarte,"110,75 €",2017-03,,,21.3.2017,"183.498,46 €",,,,,,,,,,,,,,,
AR,JM,"mytoys, RN_20170305","1.904,00 €",2017-02,3.3.2017,bei Jochen,21.3.2017,"185.402,46 €",,"320,00 €","0,00 €","0,00 €","0,00 €","1.200,00 €","0,00 €","0,00 €","0,00 €","80,00 €",,,,"1.600,00 €",
ER,JM,"SEPA-Basislastschrift
congstar GmbH
Kundennummer 2203095056/RG
7194188279 vom 16.03.17","41,14 €",2017-03,,,23.3.2017,"185.361,32 €",,,,,,,,,,,,,,,
AR,JM,"RN_20170306, Losstech","1.547,00 €",2017-02,3.3.2017,bei Jochen,27.3.2017,"186.908,32 €",,"260,00 €","0,00 €","0,00 €","0,00 €","975,00 €","0,00 €","0,00 €","0,00 €","65,00 €",,,,"1.300,00 €",
ER,AN,Belegabrechnung Anke 2017-03,"661,63 €",2017-03,29.3.2017,bei Jochen,29.3.2017,"186.246,69 €",,,,,,,,,,,,,,,
ER,K,"SEPA-Basislastschrift
vcomtec UG (haftungsbeschraenkt)
RgNr 2886 vom 20.03.2017 Vi
elen Dank, Wolkesicher","4,99 €",2017-03,7.4.2017,bei Jochen,30.3.2017,"186.241,70 €",,,,,,,,,,,,,,,
ER,K,"Zinsen/Kontoführung
Abrechnung vom 31.03.2017","16,68 €",2017-03,,,31.3.2017,"186.225,02 €",,,,,,,,,,,,,,,
ER,K,JM-Belege-März,"60,50 €",2017-03,31.3.2017,bei Jochen,31.3.2017,"186.164,52 €",,,,,,,,,,,,,,,
ER,K,RW-Belege März,"140,26 €",2017-03,31.3.2017,bei Jochen,31.3.2017,"186.024,26 €",,,,,,,,,,,,,,,
ER,K,"JM-Reisekostenabrechnung Berlin, Thalia","315,00 €",2017-03,31.3.2017,bei Jochen,31.3.2017,"185.709,26 €",,,,,,,,,,,,,,,
ER,K,"Re-2017-11, Rechnung Susanne Bartel","5.662,91 €",2017-03,3.4.2017,bei Jochen,3.4.2017,"180.046,35 €",,,,,,,,,,,,,,,
GV,JM,Johannes,"6.000,00 €",2017-04,,bei Jochen,3.4.2017,"174.046,35 €",,,,,,,,,,,,,,,
GV,AN,Anke,"6.000,00 €",2017-04,,bei Jochen,3.4.2017,"168.046,35 €",,,,,,,,,,,,,,,
ER,K,2017.04.01 Sven Röpstorff,"9.197,21 €",2017-03,3.4.2017,bei Jochen,3.4.2017,"158.849,14 €",,,,,,,,,,,,,,,
ER,K,"rng170406, Rechnung Jutta Eckstein","11.495,40 €",2017-03,3.4.2017,bei Jochen,3.4.2017,"147.353,74 €",,,,,,,,,,,,,,,
ER,??,"SEPA-Basislastschrift
AMAZON EU S.A R.L., NIEDERLASSUNG DEUTSCHLAND
028-8502392-0624314 Amazon.
de 0268982549601635","27,68 €",2017-03,,bei Jochen,4.4.2017,"147.326,06 €",,,,,,,,,,,,,,,
ER,JM,"FATTURA 1547 KOMMITMENT GMBH, Amazon 0N8K-232P-1GKG, Festplatten","84,00 €",2017-04,4.4.2017,bei Jochen,4.4.2017,"147.242,06 €",,,,,,,,,,,,,,,
ER,K,"hauptsache.net, Miete","824,78 €",2017-04,4.4.2017,bei Jochen,4.4.2017,"146.417,28 €",,,,,,,,,,,,,,,
GV,RW,Ralf,"7.500,00 €",2017-04,,bei Jochen,4.4.2017,"138.917,28 €",,,,,,,,,,,,,,,
AR,JM,RN_20170228-picue,"16.109,63 €",2017-02,3.3.2017,bei Jochen,4.4.2017,"155.026,91 €",,"2.707,50 €","0,00 €","0,00 €","6.457,50 €","3.695,63 €","0,00 €","0,00 €","0,00 €","676,88 €",,,"9.225,00 €","4.312,50 €",
ER,JM,"SEPA-Basislastschrift
YOLK DANKT MITE.YO.LK
SLV6331650397 04.04 03.28 Y
olk dankt mite.yo.lk 201704
-28399-306024","5,00 €",2017-04,,bei Jochen,6.4.2017,"155.021,91 €",,,,,,,,,,,,,,,
AR,JM,RN_20170217-CEWE,"3.308,65 €",2017-02,27.2.2017,bei Jochen,7.4.2017,"158.330,56 €",,"780,38 €","0,00 €","560,00 €","0,00 €","1.315,00 €","0,00 €","0,00 €","0,00 €","125,00 €",,"800,00 €",,"1.700,00 €",
AR,JM,"RN_20170404-01 - Rechnung, Schulungen","1.785,00 €",2017-03,4.4.2017,bei Jochen,11.4.2017,"160.115,56 €",,"1.380,00 €","0,00 €","0,00 €","0,00 €","60,00 €","0,00 €","0,00 €","0,00 €","60,00 €",,,,,"1.200,00 €"
ER,??,"SEPA-Basislastschrift
AMAZON PAYMENTS EUROPE S.C.A.
028-7331895-9178700 Amazon
.Mktplce EU-DE 219436065343
8860","56,72 €",2017-04,,bei Jochen,12.4.2017,"160.058,84 €",,,,,,,,,,,,,,,
ER,RW,Belegabrechnung April 01 2017,"2.071,99 €",2017-04,12.4.2017,bei Jochen,12.4.2017,"157.986,85 €",,,,,,,,,,,,,,,
AR,AN,moebel.de,"2.856,00 €",2017-03,29.3.2017,bei Jochen,12.4.2017,"160.842,85 €",,"480,00 €","0,00 €","1.800,00 €","0,00 €","0,00 €","0,00 €","120,00 €","0,00 €","0,00 €",,"2.400,00 €",,,
UstVZ,K,"SEPA-Basislastschrift
STEUERKASSE HAMBURG
STEUERNR 048/638/01147 UMS.
ST FEB.17 10.997,91EUR","10.997,91 €",2017-04,,bei Jochen,13.4.2017,"149.844,94 €",,,,,,,,,,,,,,,
ER,RW,"SEPA-Basislastschrift
Drillisch Online AG
C2103104 U185682132
B241391869 WINSIM B
2C.DE","19,99 €",2017-04,20.4.2017,bei Jochen,18.4.2017,"149.824,95 €",,,,,,,,,,,,,,,
ER,AN,Telekom,"42,90 €",2017-04,7.4.2017,bei Jochen,18.4.2017,"149.782,05 €",,,,,,,,,,,,,,,
ER,K,"hauptsache.net, Anteil Bürobeschilderung","62,48 €",2017-04,18.4.2017,bei Jochen,18.4.2017,"149.719,57 €",,,,,,,,,,,,,,,
ER,K,Fensterreinigung Büro,"73,78 €",2017-04,18.4.2017,bei Jochen,18.4.2017,"149.645,79 €",,,,,,,,,,,,,,,
AR,AN,"Funke Medien, Westfalenpost","2.320,47 €",2017-03,29.3.2017,bei Jochen,19.4.2017,"151.966,26 €",,"509,97 €","0,00 €","1.350,00 €","0,00 €","0,00 €","0,00 €","90,00 €","0,00 €","0,00 €",,"1.800,00 €",,,
AR,K,Anteil Fensterreinigung hauptsache.net,"55,34 €",2017-04,18.4.2017,bei Jochen,20.4.2017,"152.021,60 €",,"46,50 €","0,00 €","0,00 €","0,00 €","0,00 €","0,00 €","0,00 €","0,00 €","0,00 €",,,,,"0,00 €"
AR,JM,RN_20170404-02 - Rechnung,"13.794,48 €",2017-03,4.4.2017,bei Jochen,20.4.2017,"165.816,08 €",,"10.432,80 €","0,00 €","0,00 €","0,00 €","579,60 €","0,00 €","0,00 €","0,00 €","579,60 €",,,,,"11.592,00 €"
ER,K,Mastercard 2017-04,"1.024,94 €",2017-04,,bei Jochen,25.4.2017,"164.791,14 €",,,,,,,,,,,,,,,
AR,JM,Rechnung Hanseatic Bank,"20.789,90 €",2017-03,4.4.2017,bei Jochen,25.4.2017,"185.581,04 €",,"5.140,50 €","0,00 €","6.142,50 €","0,00 €","5.416,88 €","0,00 €","0,00 €","0,00 €","770,63 €",,"8.775,00 €",,"6.637,50 €",
ER,JM,Congstar,"38,73 €",2017-04,,bei Jochen,26.4.2017,"185.542,31 €",,,,,,,,,,,,,,,
ER,AN,"vcomtec, Wolkesicher","4,99 €",2017-04,28.4.2017,bei Jochen,27.4.2017,"185.537,32 €",,,,,,,,,,,,,,,
ER,K,"Kontoführung
Abrechnung vom 28.04.2017","16,45 €",2017-04,,bei Jochen,28.4.2017,"185.520,87 €",,,,,,,,,,,,,,,
ER,AN,Belegerstattung 2017-04,"256,89 €",2017-04,28.4.2017,bei Jochen,28.4.2017,"185.263,98 €",,,,,,,,,,,,,,,
GV,AN,Kommanditistenentnahme 2017-05,"6.000,00 €",2017-05,,bei Jochen,1.5.2017,"179.263,98 €",,,,,,,,,,,,,,,
GV,JM,Kommanditistenentnahme 2017-05,"6.000,00 €",2017-05,,bei Jochen,1.5.2017,"173.263,98 €",,,,,,,,,,,,,,,
GV,RW,Kommanditistenentnahme 2017-05,"7.500,00 €",2017-05,,bei Jochen,1.5.2017,"165.763,98 €",,,,,,,,,,,,,,,
ER,K,"JM-Reisekostenabrechnung Berlin, Thalia, korrektur","12,00 €",2017-03,28.4.2017,bei Jochen,2.5.2017,"165.751,98 €",,,,,,,,,,,,,,,
ER,K,Belege-2017-04-JM.pdf,"181,50 €",2017-04,28.4.2017,bei Jochen,2.5.2017,"165.570,48 €",,,,,,,,,,,,,,,
ER,K,"reisekosten-2017.04.25-JM.pdf, JM-RKA Breuninger 26.4.2017","317,00 €",2017-04,28.4.2017,bei Jochen,2.5.2017,"165.253,48 €",,,,,,,,,,,,,,,
ER,K,"reisekosten-20170323-JM.pdf, JM-RKA Breuninger 21.3.2017","381,18 €",2017-04,28.4.2017,bei Jochen,2.5.2017,"164.872,30 €",,,,,,,,,,,,,,,
ER,K,"hauptsache.net, Miete","824,78 €",2017-05,2.5.2017,bei Jochen,2.5.2017,"164.047,52 €",,,,,,,,,,,,,,,
ER,RW,Rechnung Amazon Maus,"21,98 €",2017-05,3.5.2017,bei Jochen,3.5.2017,"164.025,54 €",,,,,,,,,,,,,,,
ER,K,Belegabrechnung RW 2017-04 02,"617,23 €",2017-05,3.5.2017,bei Jochen,3.5.2017,"163.408,31 €",,,,,,,,,,,,,,,
AR,JM,RN_20170404-03 - Rechnung,"22.158,72 €",2017-03,4.4.2017,bei Jochen,4.5.2017,"185.567,03 €",,"13.548,33 €","0,00 €","0,00 €","0,00 €","4.060,91 €","0,00 €","0,00 €","0,00 €","1.011,53 €",,,,"4.356,25 €","15.874,39 €"
AR,AN,moebel.de,"714,00 €",2017-04,2.5.2017,bei Jochen,5.5.2017,"186.281,03 €",,"120,00 €","0,00 €","450,00 €","0,00 €","0,00 €","0,00 €","30,00 €","0,00 €","0,00 €",,"600,00 €",,,
AR,JM,"RN_20170502-02 - Rechnung, Berenberg Algo","21.353,06 €",2017-04,2.5.2017,bei Jochen,5.5.2017,"207.634,09 €",,"16.149,37 €","0,00 €","0,00 €","0,00 €","897,19 €","0,00 €","0,00 €","0,00 €","897,19 €",,,,,"17.943,75 €"
ER,K,"Susanne Bartel, Re-2017-13","6.872,25 €",2017-04,7.5.2017,bei Jochen,7.5.2017,"200.761,84 €",,,,,,,,,,,,,,,
ER,K,"SEPA-Basislastschrift
YOLK DANKT MITE.YO.LK
SLV6409356974 04.05 03.28 Y
olk dankt mite.yo.lk 201705
-28399-310362","5,00 €",2017-05,,bei Jochen,8.5.2017,"200.756,84 €",,,,,,,,,,,,,,,
ER,K,"hauptsache.net, Miete Februar vergessen","824,78 €",2017-05,8.5.2017,bei Jochen,8.5.2017,"199.932,06 €",,,,,,,,,,,,,,,
AR,JM,RN_20170206-Losstech,"952,00 €",2017-01,6.2.2017,bei Jochen,8.5.2017,"200.884,06 €",,"160,00 €","0,00 €","0,00 €","0,00 €","600,00 €","0,00 €","0,00 €","0,00 €","40,00 €",,,,"800,00 €",
ER,K,"Christopher Blum HBSL, RN 138, 170426_rechnung_hanseatic_bank.pdf","3.599,75 €",2017-04,2.5.2017,bei Jochen,9.5.2017,"197.284,31 €",,,,,,,,,,,,,,,
AR,JM,"RN_20170502-01 - Rechnung, Berenberg","22.833,13 €",2017-04,2.5.2017,bei Jochen,9.5.2017,"220.117,44 €",,"16.730,63 €","0,00 €","0,00 €","0,00 €","1.497,50 €","0,00 €","0,00 €","0,00 €","959,38 €",,,,"768,75 €","18.418,75 €"
ER,RW,"Drillisch, WinSim","11,33 €",2017-05,,bei Jochen,10.05.2017,"220.106,11 €",,,,,,,,,,,,,,,
ER,K,"mindspace, Miete Mai","2.449,02 €",2017-05,,bei Jochen,10.05.2017,"217.657,09 €",,,,,,,,,,,,,,,
ER,K,"mindspace, Miete April ","2.449,02 €",2017-05,,bei Jochen,10.5.2017,"215.208,07 €",,,,,,,,,,,,,,,
ER,K,"S&S, Breuninger-Tickets Jax","2.897,95 €",2017-05,12.05.2017,bei Jochen,12.05.2017,"212.310,12 €",,,,,,,,,,,,,,,
ER,K,Sven Roepstorff für BB,"10.162,60 €",2017-05,,bei Jochen,12.05.2017,"202.147,52 €",,,,,,,,,,,,,,,
ER,K,Rundfunkbeitrag,"17,49 €",2017-05,,bei Jochen,15.05.2017,"202.130,03 €",,,,,,,,,,,,,,,
ER,AN,Telekom,"37,95 €",2017-05,12.05.2017,bei Jochen,15.05.2017,"202.092,08 €",,,,,,,,,,,,,,,
ER,K,rng170508.pdf Jutta Eckstein Berenberg,"17.796,45 €",2017-04,2.5.2017,bei Jochen,15.5.2017,"184.295,63 €",,,,,,,,,,,,,,,
ER,K,"SEPA-Basislastschrift
STEUERKASSE HAMBURG
STEUERNR 048/638/01147 UMS.
ST MRZ.17","7.791,24 €",2017-05,,bei Jochen,17.05.2017,"176.504,39 €",,,,,,,,,,,,,,,
ER,K,"SEPA-Basislastschrift
STEUERKASSE HAMBURG
STEUERNR 048/638/01147 GEW.
ST 2VJ.17","5.160,00 €",2017-05,,bei Jochen,18.05.2017,"171.344,39 €",,,,,,,,,,,,,,,
AR,AN,Haftungseinlage AN,"500,00 €",2017-05,,bei Jochen,22.05.2017,"171.844,39 €",,"420,17 €","0,00 €",,,,"0,00 €","0,00 €","0,00 €","0,00 €",,,,,
AR,JM,Haftungseinlage JM,"500,00 €",2017-05,,bei Jochen,22.05.2017,"172.344,39 €",,"420,17 €","0,00 €",,,,"0,00 €","0,00 €","0,00 €","0,00 €",,,,,
ER,K,Mastercard 2017-05,"800,70 €",2017-05,,bei Jochen,22.05.2017,"171.543,69 €",,,,,,,,,,,,,,,
ER,JM,Congstar,"51,63 €",2017-05,,bei Jochen,23.05.2017,"171.492,06 €",,,,,,,,,,,,,,,
AR,JM,"picue, März, globe4go-032017","25.382,94 €",2017-03,03.04.2017,bei Jochen,24.05.2017,"196.875,00 €",,"4.320,20 €","0,00 €","0,00 €","10.631,25 €","5.315,63 €","0,00 €","0,00 €","0,00 €","1.063,13 €",,,"15.187,50 €","6.075,00 €",
ER,AN,Belegabrechnung AN 2017-05,"654,71 €",2017-05,25.05.2017,bei Jochen,25.05.2017,"196.220,29 €",,,,,,,,,,,,,,,
ER,??,"SEPA-Basislastschrift
AMAZON EU S.A R.L., NIEDERLASSUNG DEUTSCHLAND
306-9866201-3249101 Amazon.
de 2993351800506000","31,99 €",2017-05,,,26.05.2017,"196.188,30 €",,,,,,,,,,,,,,,
ER,K,"Kontoführung
Abrechnung vom 31.05.2017","17,66 €",2017-05,30.05.2017,bei Jochen,30.05.2017,"196.170,64 €",,,,,,,,,,,,,,,
AR,JM,"Hanseatic Bank 20170502, RN_20170508 - Rechnung","37.604,60 €",2017-04,02.05.2017,bei Jochen,30.05.2017,"233.775,24 €",,"10.990,50 €","0,00 €","9.922,50 €","0,00 €","9.399,38 €","0,00 €","0,00 €","0,00 €","1.288,13 €",,"14.175,00 €",,"11.587,50 €",
ER,K,"Dauer-Euro-Überweisung
hauptsache.net GmbH
Miete Büro kommitment
Dauerauftrag: 1","824,78 €",2017-06,,,01.06.2017,"232.950,46 €",,,,,,,,,,,,,,,
ER,K,"Internet-Euro-Überweisung
Ralf Wirdemann
BIC:INGDDEFFXXX
IBAN:DE82500105175401478930
Datum: 02.06.17 Zeit: 09:50
UFT 0020630894 TAN 975525
Belegabrechnung RW 052017","226,09 €",2017-05,2.6.2017,bei Jochen,2.6.2017,"232.724,37 €",,,,,,,,,,,,,,,
AR,K,Haftungseinlage RW,"500,00 €",2017-06,2.6.2017,bei Jochen,2.6.2017,"233.224,37 €",,"420,17 €","0,00 €",,,,"0,00 €","0,00 €","0,00 €","0,00 €",,,,,
AR,AN,moebel.de,"1.071,00 €",2017-05,25.05.2017,bei Jochen,2.6.2017,"234.295,37 €",,"180,00 €","0,00 €","675,00 €","0,00 €","0,00 €","0,00 €","45,00 €","0,00 €","0,00 €",,"900,00 €",,,
GV,RW,Kommanditistenentnahme 2017-06,"6.000,00 €",2017-06,2.6.2017,bei Jochen,2.6.2017,"228.295,37 €",,,,,,,,,,,,,,,
GV,JM,Kommanditistenentnahme 2017-06,"6.000,00 €",2017-06,2.6.2017,bei Jochen,2.6.2017,"222.295,37 €",,,,,,,,,,,,,,,
GV,AN,Kommanditistenentnahme 2017-06,"6.000,00 €",2017-06,2.6.2017,bei Jochen,2.6.2017,"216.295,37 €",,,,,,,,,,,,,,,
ER,K,RKA-JM-20170517-Breuninger,"214,28 €",2017-05,3.6.2017,bei Jochen,6.6.2017,"216.081,09 €",,,,,,,,,,,,,,,
ER,K,RKA-JM-20170512-JAX,"263,30 €",2017-05,3.6.2017,bei Jochen,6.6.2017,"215.817,79 €",,,,,,,,,,,,,,,
ER,K,RKA-JM-20170504-bild,"358,15 €",2017-05,3.6.2017,bei Jochen,6.6.2017,"215.459,64 €",,,,,,,,,,,,,,,
ER,K,RKA-JM-20170504-Breuninger,"462,34 €",2017-05,3.6.2017,bei Jochen,6.6.2017,"214.997,30 €",,,,,,,,,,,,,,,
ER,K,"SEPA-Basislastschrift
YOLK DANKT MITE.YO.LK
SLV6496968712 04.06 03.29 Y
olk dankt mite.yo.lk 201706
-28399-314713","5,00 €",2017-05,,,7.6.2017,"214.992,30 €",,,,,,,,,,,,,,,
ER,K,"SEPA-Basislastschrift
vcomtec UG (haftungsbeschraenkt)
RgNr 2969 vom 19.05.2017 Vi
elen Dank, Wolkesicher","4,99 €",2017-05,,,12.6.2017,"214.987,31 €",,,,,,,,,,,,,,,
ER,K,"Thiemer & Ralf, 10745-013","190,40 €",2017-06,13.06.2017,bei Jochen,13.06.2017,"214.796,91 €",,,,,,,,,,,,,,,
ER,K,"SEPA-Basislastschrift
Mindspace Germany GmbH
RNR 201702055 Kto. 10516","2.449,02 €",2017-06,,,13.6.2017,"212.347,89 €",,,,,,,,,,,,,,,
ER,K,"bild.de, Christopher Blum","4.971,70 €",2017-05,01.06.2017,bei Jochen,13.6.2017,"207.376,19 €",,,,,,,,,,,,,,,
ER,K,"Elena shalman-Ploy, Rechnung Nr. berenberg_2017_001","8.901,20 €",2017-05,01.06.2017,bei Jochen,13.06.2017,"198.474,99 €",,,,,,,,,,,,,,,
ER,RW,"SEPA-Basislastschrift
Drillisch Online AG
C2103104 U191316294 B246774
077 WINSIM B2C.DE","16,99 €",2017-06,14.06.2017,bei Jochen,14.06.2017,"198.458,00 €",,,,,,,,,,,,,,,
AR,JM,"Prosoz, Herten","1.428,00 €",2017-05,01.06.2017,bei Jochen,14.06.2017,"199.886,00 €",,"240,00 €","0,00 €","0,00 €","0,00 €","900,00 €","0,00 €","0,00 €","0,00 €","60,00 €",,,,"1.200,00 €",
ER,K,BEGO- Sven Röpstorff,"13.328,00 €",2017-05,2.6.2017,bei Jochen,14.6.2017,"186.558,00 €",,,,,,,,,,,,,,,
AR,JM,"Berenberg, Elena, RN_20170601-01-Elena","11.126,50 €",2017-05,01.06.2017,bei Jochen,15.06.2017,"197.684,50 €",,"8.415,00 €","0,00 €","0,00 €","0,00 €","467,50 €","0,00 €","0,00 €","0,00 €","467,50 €",,,,,"9.350,00 €"
ER,K,"SEPA-Basislastschrift
STEUERKASSE HAMBURG
STEUERNR 048/638/01147 UMS.
ST APR.17 13.647,97EUR","13.647,97 €",2017-06,16.06.2017,bei Jochen,16.06.2017,"184.036,53 €",,,,,,,,,,,,,,,
AR,JM,BEGO- RN_20170602-02-Sven,"16.660,00 €",2017-05,2.6.2017,bei Jochen,16.06.2017,"200.696,53 €",,"12.600,00 €","0,00 €","0,00 €","0,00 €","700,00 €","0,00 €","0,00 €","0,00 €","700,00 €",,,,,"14.000,00 €"
ER,AN,"SEPA-Basislastschrift
Telekom Deutschland GmbH
MOBILFUNK KUNDENKONTO 00004
7280704 0020881912012641/05
.06.17","56,43 €",2017-06,19.06.2017,bei Jochen,19.06.2017,"200.640,10 €",,,,,,,,,,,,,,,
AR,JM,"BEGO, Susanne Bartel, RN_20170613-01-Susanne","7.965,56 €",2017-05,13.06.2017,bei Jochen,20.06.2017,"208.605,66 €",,"6.024,37 €","0,00 €","0,00 €","0,00 €","334,69 €","0,00 €","0,00 €","0,00 €","334,69 €",,,,,"6.693,75 €"
AR,JM,"HB, RN_20170604-01","29.090,15 €",2017-05,04.06.2017,bei Jochen,20.06.2017,"237.695,81 €",,"8.779,88 €","0,00 €","8.229,38 €","0,00 €","6.316,88 €","0,00 €","0,00 €","0,00 €","1.119,38 €",,"11.756,25 €",,"7.425,00 €","3.206,25 €"
ER,K,"BEGO, Jutta Eckstein, rng170610","20.081,25 €",2017-05,04.06.2017,bei Jochen,21.6.2017,"217.614,56 €",,,,,,,,,,,,,,,
ER,K,Abrechnung Kreditkarte,"120,41 €",2017-06,29.06.2017,bei Jochen,22.06.2017,"217.494,15 €",,,,,,,,,,,,,,,
ER,JM,Congstar,"52,27 €",2017-06,20.06.2017,bei Jochen,26.06.2017,"217.441,88 €",,,,,,,,,,,,,,,
ER,AN,Rückflug Breuninger-Termin 20170627,"159,99 €",2017-06,29.06.2017,bei Jochen,26.06.2017,"217.281,89 €",,,,,,,,,,,,,,,
ER,K,"Susanne Bartel, Re-2017-19","6.372,45 €",2017-05,13.06.2017,bei Jochen,27.06.2017,"210.909,44 €",,,,,,,,,,,,,,,
ER,AN,t3n Abo,"35,00 €",2017-05,29.06.2017,bei Jochen,29.06.2017,"210.874,44 €",,,,,,,,,,,,,,,
ER,AN,Belegabrechnung 2017-06 AN,"205,74 €",2017-06,29.06.2017,bei Jochen,29.06.2017,"210.668,70 €",,,,,,,,,,,,,,,
ER,K,"PairProgramming Cioach Arne Blankerts, 91425-kommitment-2017-06-19","3.612,84 €",2017-06,19.06.2017,bei Jochen,29.06.2017,"207.055,86 €",,,,,,,,,,,,,,,
ER,JM,1und1,"9,90 €",2017-06,30.06.2017,bei Jochen,30.06.2017,"207.045,96 €",,,,,,,,,,,,,,,
ER,K,"ZInsen/Kontoführung
","17,90 €",2017-06,,bei Jochen,30.06.2017,"207.028,06 €",,,,,,,,,,,,,,,
ER,RW,Belegabrechnung 2017-06 RW,"28,09 €",2017-06,30.06.2017,bei Jochen,30.06.2017,"206.999,97 €",,,,,,,,,,,,,,,
ER,K,"Ben Wiedenmann, HBSL Juni","3.000,00 €",2017-06,30.06.2017,bei Jochen,30.06.2017,"203.999,97 €",,,,,,,,,,,,,,,
AR,JM,"Breuninger, RN_20170502-03","12.867,86 €",2017-04,02.05.2017,bei Jochen,30.06.2017,"216.867,83 €",,"2.162,66 €","0,00 €","2.591,39 €","0,00 €","5.518,61 €","0,00 €","0,00 €","0,00 €","540,67 €",,"3.701,98 €",,"7.111,35 €",
ER,K,"hauptsache.net, Miete","824,78 €",2017-07,5.7.2017,bei Jochen,03.07.2017,"216.043,05 €",,,,,,,,,,,,,,,
AR,JM,Thalia,"414,58 €",2017-03,31.03.2017,bei Jochen,04.07.2017,"216.457,63 €",,"314,79 €","0,00 €","0,00 €","0,00 €","31,50 €","0,00 €","0,00 €","0,00 €","2,10 €",,,,"42,00 €",
GV,JM,Kommanditistenentnahme 2017-07,"6.000,00 €",2017-07,4.7.2017,bei Jochen,4.7.2017,"210.457,63 €",,,,,,,,,,,,,,,
GV,AN,Kommanditistenentnahme 2017-07,"6.000,00 €",2017-07,4.7.2017,bei Jochen,4.7.2017,"204.457,63 €",,,,,,,,,,,,,,,
GV,RW,Kommanditistenentnahme 2017-07,"6.000,00 €",2017-07,4.7.2017,bei Jochen,4.7.2017,"198.457,63 €",,,,,,,,,,,,,,,
AR,JM,bild.de RN_20170603-02,"20.027,94 €",2017-05,03.06.2017,bei Jochen,04.07.2017,"218.485,57 €",,"7.370,20 €","0,00 €","0,00 €","4.830,00 €","3.820,00 €","0,00 €","0,00 €","0,00 €","810,00 €",,,"6.900,00 €","4.300,00 €","5.000,00 €"
ER,K,mindspace Miete,"3.498,60 €",2017-07,,bei Jochen,05.07.2017,"214.986,97 €",,,,,,,,,,,,,,,
AR,RW,"picue, RN_20170604-02","16.823,63 €",2017-05,04.06.2017,bei Jochen,05.07.2017,"231.810,60 €",,"2.827,50 €","0,00 €","0,00 €","7.400,63 €","3.202,50 €","0,00 €","0,00 €","706,88 €","0,00 €",,,"9.562,50 €","4.575,00 €",
AR,RW,RN_20170405-picue,"24.409,88 €",2017-04,04.05.2017,bei Jochen,05.07.2017,"256.220,48 €",,"4.102,78 €","0,00 €","0,00 €","10.475,61 €","4.908,51 €","0,00 €","0,00 €","1.025,61 €","0,00 €",,,"13.500,00 €","7.012,15 €",
ER,K,"SEPA-Basislastschrift
vcomtec UG (haftungsbeschraenkt)
RgNr 3006 vom 18.06.2017 Vi
elen Dank, Wolkesicher","4,99 €",2017-06,6.7.2017,bei Jochen,06.07.2017,"256.215,49 €",,,,,,,,,,,,,,,
ER,K,"SEPA-Basislastschrift
YOLK DANKT MITE.YO.LK
SLV6572507563 04.07 03.28 Y
olk dankt mite.yo.lk 201707
-28399-319089","5,00 €",2017-06,6.7.2017,bei Jochen,06.07.2017,"256.210,49 €",,,,,,,,,,,,,,,
AR,JM,"CEWE Austausch, RN_20170602-01","2.975,00 €",2017-05,02.06.2017,bei Jochen,06.07.2017,"259.185,49 €",,"500,00 €","0,00 €","0,00 €","0,00 €","1.875,00 €","0,00 €","0,00 €","0,00 €","125,00 €",,,,"2.500,00 €",
AR,K,"RN_20170704, Globe4Go","11.781,00 €",2017-06,3.7.2017,bei Jochen,06.07.2017,"270.966,49 €",,"2.970,00 €","0,00 €","0,00 €","6.930,00 €","0,00 €","0,00 €","0,00 €","0,00 €","0,00 €",,,"9.900,00 €",,
ER,RW,"Drillisch, WinSim","16,99 €",2017-07,,bei Jochen,10.7.2017,"270.949,50 €",,,,,,,,,,,,,,,
ER,K,"Thiemer & Ralf, Thiemer & Ralf, 10745-014","190,40 €",2017-07,11.7.2017,bei Jochen,11.7.2017,"270.759,10 €",,,,,,,,,,,,,,,
AR,AN,moebel.de,"1.071,00 €",2017-06,29.06.2017,bei Jochen,11.7.2017,"271.830,10 €",,"855,00 €","0,00 €",,,,"0,00 €","45,00 €","0,00 €","0,00 €",,"900,00 €",,,
ER,K,"Thiemer & Ralf, 10745-012","1.228,91 €",2017-07,11.7.2017,bei Jochen,11.7.2017,"270.601,19 €",,,,,,,,,,,,,,,
ER,K,"Thiemer & Ralf, 10745-011","2.218,28 €",2017-07,11.7.2017,bei Jochen,11.7.2017,"268.382,91 €",,,,,,,,,,,,,,,
AR,JM,"Berenberg, Jutta Eckstein, RN_20170706-01-Jutta","9.237,38 €",2017-06,6.7.2017,bei Jochen,11.7.2017,"277.620,29 €",,"6.986,25 €","0,00 €","0,00 €","0,00 €","388,13 €","0,00 €","0,00 €","0,00 €","388,13 €",,,,,"7.762,50 €"
AR,JM,"Berenberg, Sven Röpstorff, RN_20170706-03-Sven.pdf","11.505,81 €",2017-06,6.7.2017,bei Jochen,11.7.2017,"289.126,10 €",,"8.701,87 €","0,00 €","0,00 €","0,00 €","483,44 €","0,00 €","0,00 €","0,00 €","483,44 €",,,,,"9.668,75 €"
AR,JM,"Berenberg_2017_002, Elena Shalman-Ploj","15.708,00 €",2017-06,6.7.2017,bei Jochen,11.7.2017,"304.834,10 €",,"11.880,00 €","0,00 €","0,00 €","0,00 €","660,00 €","0,00 €","0,00 €","0,00 €","660,00 €",,,,,"13.200,00 €"
ER,K,"Berenberg_2017_002, Elena Shalman-Ploj","12.566,40 €",2017-06,6.7.2017,bei Jochen,13.07.2017,"292.267,70 €",,,,,,,,,,,,,,,
AR,JM,Thalia,"414,58 €",2017-03,31.03.2017,bei Jochen,14.07.2017,"292.682,28 €",,"314,79 €","0,00 €","0,00 €","0,00 €","31,50 €","0,00 €","0,00 €","0,00 €","2,10 €",,,,"42,00 €",
ER,K,"Berenberg, Sven R., 2017.07.01 Kommitment - Invoice 5666010","9.204,65 €",2017-06,6.7.2017,bei Jochen,14.07.2017,"283.477,63 €",,,,,,,,,,,,,,,
ER,K,"SEPA-Basislastschrift
STEUERKASSE HAMBURG
STEUERNR 048/638/01147 UMS.
ST MAI 17 9.377,13EUR","9.377,13 €",2017-07,,bei Jochen,14.7.2017,"274.100,50 €",,,,,,,,,,,,,,,
ER,AN,Telekom,"67,04 €",2017-07,7.7.2017,bei Jochen,17.7.2017,"274.033,46 €",,,,,,,,,,,,,,,
ER,K,"SEPA-Basislastschrift
Handelskammer Hamburg
16.06.2017 135.00 61103842","135,00 €",2017-07,,bei Jochen,17.7.2017,"273.898,46 €",,,,,,,,,,,,,,,
ER,K,"Berenberg, Jutta Eckstein, rng170713","7.693,35 €",2017-06,6.7.2017,bei Jochen,17.7.2017,"266.205,11 €",,,,,,,,,,,,,,,
ER,K,"2017.06.07-bild.de, RKA Johannes","232,70 €",2017-06,5.7.2017,bei Jochen,21.7.2017,"265.972,41 €",,,,,,,,,,,,,,,
ER,K,RKA-JM-Belege-Breuninger-2017-06.pdf,"530,09 €",2017-07,6.7.2017,bei Jochen,21.7.2017,"265.442,32 €",,,,,,,,,,,,,,,
ER,K,"Belege-2017-05-JM.pdf, RKA Johannes","1.539,63 €",2017-06,5.7.2017,bei Jochen,21.7.2017,"263.902,69 €",,,,,,,,,,,,,,,
ER,K,"SEPA-Basislastschrift
GLS Gemeinschaftsbank eG
MASTERCARD Abrechnung DR. J
OHANNES MAINUSCH","2.522,32 €",2017-07,21.7.2017,bei Jochen,21.7.2017,"261.380,37 €",,,,,,,,,,,,,,,
AR,JM,"Breuninger, RN_20170603-01","20.011,10 €",2017-05,03.06.2017,bei Jochen,21.07.2017,"281.391,47 €",,"6.036,05 €","0,00 €","4.165,00 €","0,00 €","5.941,25 €","0,00 €","0,00 €","0,00 €","673,75 €",,"5.950,00 €",,"7.525,00 €",
ER,K,"SEPA-Basislastschrift
Hetzner Online GmbH
Rechnungsnr.: R0007137384 -
Kundennr.: K0720512117","8,21 €",2017-07,24.7.2017,bei Jochen,24.7.2017,"281.383,26 €",,,,,,,,,,,,,,,
ER,K,"SEPA-Basislastschrift
GLS Gemeinschaftsbank eG
GLS Beitrag 2017, weitere I
nfos unter www.gls.de/beitr
ag KDNR: 20630958","60,00 €",2017-07,24.7.2017,bei Jochen,24.7.2017,"281.323,26 €",,,,,,,,,,,,,,,
ER,JM,"SEPA-Basislastschrift
congstar GmbH
Kundennummer 2203095056/RG
7204675310 vom 17.07.17","79,91 €",2017-07,24.7.2017,bei Jochen,24.7.2017,"281.243,35 €",,,,,,,,,,,,,,,
ER,K,RKA_JM_20170720-Prosoz,"306,30 €",2017-07,24.7.2017,bei Jochen,24.7.2017,"280.937,05 €",,,,,,,,,,,,,,,
ER,JM,1u1 Telecom GmbH,"9,90 €",2017-07,25.7.2017,bei Jochen,25.7.2017,"280.927,15 €",,,,,,,,,,,,,,,
ER,BW,Gehalt Ben 2017-07,"3.869,65 €",2017-07,21.7.2017,bei Jochen,26.7.2017,"277.057,50 €",,,,,,,,,,,,,,,
ER,K,Kontoführung,"18,37 €",2017-07,31.7.2017,bei Jochen,31.7.2017,"277.039,13 €",,,,,,,,,,,,,,,
ER,K,Belegabrechung 2017-07 AN,"393,40 €",2017-07,31.7.2017,bei Jochen,31.7.2017,"276.645,73 €",,,,,,,,,,,,,,,
AR,JM,"BEGO, Susanne Bartel, Juni 2017","11.505,81 €",2017-07,21.7.2017,bei Jochen,31.7.2017,"288.151,54 €",,"8.895,25 €","0,00 €","0,00 €","0,00 €","386,75 €","0,00 €","0,00 €","0,00 €","386,75 €",,,,,"7.735,00 €"
ER,K,hauptsache.net GmbH,"824,78 €",2017-08,1.8.2017,bei Jochen,1.8.2017,"287.326,76 €",,,,,,,,,,,,,,,
AR,JM,"Bild.de, RN_20170706-05","1.666,64 €",2017-06,6.7.2017,bei Jochen,02.08.2017,"288.993,40 €",,"440,54 €","0,00 €","0,00 €","0,00 €","900,00 €","0,00 €","0,00 €","0,00 €","60,00 €",,,,"1.200,00 €",
ER,K,"Sitegeist, EOS Moderation Gina Steiner","3.808,00 €",2017-07,28.7.2017,bei Jochen,02.08.2017,"285.185,40 €",,,,,,,,,,,,,,,
ER,K,20170712-Breuninger-RKA-JM.pdf,"468,10 €",2017-08,2.8.2017,bei Jochen,3.8.2017,"284.717,30 €",,,,,,,,,,,,,,,
GV,RW,Kommanditistenentnahme 2017-08,"6.000,00 €",2017-08,3.8.2017,bei Jochen,3.8.2017,"278.717,30 €",,,,,,,,,,,,,,,
GV,JM,Kommanditistenentnahme 2017-08,"6.000,00 €",2017-08,3.8.2017,bei Jochen,3.8.2017,"272.717,30 €",,,,,,,,,,,,,,,
GV,AN,Kommanditistenentnahme 2017-08,"6.000,00 €",2017-08,3.8.2017,bei Jochen,3.8.2017,"266.717,30 €",,,,,,,,,,,,,,,
AR,JM,"BEGO, Jutta Eckstein","24.097,50 €",2017-05,04.06.2017,bei Jochen,3.8.2017,"290.814,80 €",,"18.225,00 €","0,00 €","0,00 €","0,00 €","1.012,50 €","0,00 €","0,00 €","0,00 €","1.012,50 €",,,,,"20.250,00 €"
ER,K,"Anwalt, Arbeitsvertrag","1.237,60 €",2017-07,28.7.2017,bei Jochen,4.8.2017,"289.577,20 €",,,,,,,,,,,,,,,
ER,BW,"KKH, Ben","1.385,10 €",2017-07,,bei Jochen,4.8.2017,"288.192,10 €",,,,,,,,,,,,,,,
ER,RW,"13,99 mit 6000€ Fehlbuchung","6.000,00 €",2017-08,4.8.2017,bei Jochen,4.8.2017,"282.192,10 €",,,,,,,,,,,,,,,
ER,K,mindspace,"3.498,60 €",2017-08,7.8.2017,bei Jochen,7.8.2017,"278.693,50 €",,,,,,,,,,,,,,,
AR,JM,Hanseatic Bank RN_20170704-04,"32.348,07 €",2017-06,6.7.2017,bei Jochen,7.8.2017,"311.041,57 €",,"15.505,75 €","0,00 €","1.732,50 €","0,00 €","8.732,81 €","0,00 €","0,00 €","0,00 €","1.212,19 €",,"2.475,00 €",,"10.743,75 €","11.025,00 €"
ER,RW,"13,99 mit 6000€ Fehlbuchung - Rücküberweisung","-5.986,01 €",2017-08,8.8.2017,bei Jochen,8.8.2017,"317.027,58 €",,,,,,,,,,,,,,,
ER,K,mite,"20,00 €",2017-08,4.8.2017,bei Jochen,8.8.2017,"317.007,58 €",,,,,,,,,,,,,,,
AR,RW,Globe4Go,"10.174,50 €",2017-07,2.8.2017,bei Jochen,8.8.2017,"327.182,08 €",,"1.710,00 €","0,00 €","0,00 €","6.412,50 €","0,00 €","0,00 €","0,00 €","427,50 €","0,00 €",,,"8.550,00 €",,
AR,JM,BB Elena,"11.781,00 €",2017-07,3.8.2017,bei Jochen,8.8.2017,"338.963,08 €",,"8.871,84 €","0,00 €","0,00 €","0,00 €","514,08 €","0,00 €","0,00 €","0,00 €","514,08 €",,,,,"10.281,60 €"
AR,JM,BB Sven,"15.217,24 €",2017-07,3.8.2017,bei Jochen,8.8.2017,"354.180,32 €",,"11.564,71 €","0,00 €","0,00 €","0,00 €","611,44 €","0,00 €","0,00 €","0,00 €","611,44 €",,,,,"12.228,86 €"
AR,JM,BB Jutta,"20.415,94 €",2017-07,3.8.2017,bei Jochen,8.8.2017,"374.596,26 €",,"15.455,15 €","0,00 €","0,00 €","0,00 €","850,55 €","0,00 €","0,00 €","0,00 €","850,55 €",,,,,"17.011,05 €"
ER,RW,Belegabrechnung Reisekosten BB,"199,68 €",2017-08,8.8.2017,bei Jochen,9.8.2017,"374.396,58 €",,,,,,,,,,,,,,,
ER,AN,Wolkesicher,"4,99 €",2017-08,7.8.2017,bei Jochen,10.8.2017,"374.391,59 €",,,,,,,,,,,,,,,
ER,RW,Winsim,"16,99 €",2017-08,,bei Jochen,10.8.2017,"374.374,60 €",,,,,,,,,,,,,,,
AR,AN,Bäckerei Günther,"2.856,00 €",2017-07,2.8.2017,bei Jochen,10.8.2017,"377.230,60 €",,"480,00 €","0,00 €","1.240,00 €","0,00 €","560,00 €","0,00 €","120,00 €","0,00 €","0,00 €",,"1.600,00 €",,"800,00 €",
AR,JM,Prosoz,"5.175,10 €",2017-07,2.8.2017,bei Jochen,10.8.2017,"382.405,70 €",,"1.148,82 €","0,00 €","1.400,00 €","0,00 €","1.600,00 €","0,00 €","0,00 €","0,00 €","200,00 €",,"2.000,00 €",,"2.000,00 €",
AR,K,Wer-liefert-was,"6.753,25 €",2017-07,2.8.2017,bei Jochen,11.8.2017,"389.158,95 €",,"1.387,50 €","4.287,50 €","0,00 €","0,00 €","0,00 €","0,00 €","0,00 €","0,00 €","0,00 €","6.125,00 €",,,,
ER,K,"Elena Shalman-Ploj, BB","10.281,60 €",2017-07,2.8.2017,bei Jochen,11.8.2017,"378.877,35 €",,,,,,,,,,,,,,,
AR,JM,"Breuninger, RN_20170710-01.pdf","11.508,93 €",2017-07,10.7.2015,bei Jochen,11.8.2017,"390.386,28 €",,"2.496,37 €","0,00 €","1.592,50 €","0,00 €","5.134,06 €","0,00 €","0,00 €","0,00 €","448,44 €",,"2.275,00 €",,"6.693,75 €",
ER,K,"Sven Roepstorff, BB","12.228,86 €",2017-07,2.8.2017,bei Jochen,13.8.2017,"378.157,42 €",,,,,,,,,,,,,,,
ER,RW,Belegabrechnung RW 08 2017 02,"712,62 €",2017-08,14.8.2017,bei Jochen,14.8.2017,"377.444,80 €",,,,,,,,,,,,,,,
AR,JM,BB JM + RW,"11.873,97 €",2017-07,8.8.2017,bei Jochen,14.8.2017,"389.318,77 €",,"1.995,62 €","0,00 €","0,00 €","796,25 €","6.687,35 €","0,00 €","0,00 €","0,00 €","498,91 €",,,"1.137,50 €","8.840,63 €",
ER,K,"Jutta Eckstein, BB","17.011,05 €",2017-07,2.8.2017,bei Jochen,14.8.2017,"372.307,72 €",,,,,,,,,,,,,,,
ER,RW,"Samsung Galax S8 Cover
AMAZON PAYMENTS EUROPE S.C.A.
303-7857911-3217951 Amazon
.Mktplce EU-DE 162598024107
7852","11,98 €",2017-08,14.8.2017,bei Jochen,15.8.2017,"372.295,74 €",,,,,,,,,,,,,,,
ER,K,"Rundfunk ARD, ZDF, DRadio
Rundfunk 07.2017 - 09.2017
Beitragsnr. 644272921 Aende
rungen ganz bequem: www.run
dfunkbeitrag.de","17,49 €",2017-08,,bei Jochen,15.8.2017,"372.278,25 €",,,,,,,,,,,,,,,
ER,AN,Telekom,"50,90 €",2017-08,7.8.2017,bei Jochen,15.8.2017,"372.227,35 €",,,,,,,,,,,,,,,
ER,K,"Thiemer & Ralf, Re. Nr. 10745-015","190,40 €",2017-08,16.8.2017,bei Jochen,16.8.2017,"372.036,95 €",,,,,,,,,,,,,,,
ER,K,"STEUERKASSE HAMBURG
STEUERNR 048/638/01147 UMS.
ST JUN.17 ","12.545,21 €",2017-08,,bei Jochen,16.8.2017,"359.491,74 €",,,,,,,,,,,,,,,
AR,AN,moebel.de,"2.766,75 €",2017-07,2.8.2017,bei Jochen,17.8.2017,"362.258,49 €",,"465,00 €","0,00 €","1.743,75 €","0,00 €","0,00 €","0,00 €","116,25 €","0,00 €","0,00 €",,"2.325,00 €",,,
ER,K,"Digitaldeck, Visualisierung","144,59 €",2017-08,17.8.2017,bei Jochen,18.8.2017,"362.113,90 €",,,,,,,,,,,,,,,
ER,K,Auslage Ben für Hamburg4 MacBook-Reparatur,"649,00 €",2017-08,18.8.2017,bei Jochen,18.8.2017,"361.464,90 €",,,,,,,,,,,,,,,
ER,K,"STEUERKASSE HAMBURG
STEUERNR 048/638/01147 GEW.
ST 3VJ.17 5.160,00EUR","5.160,00 €",2017-08,,bei Jochen,18.8.2017,"356.304,90 €",,,,,,,,,,,,,,,
ER,K,"BEGO, Susanne Bartel, Re-2017-25","9.204,65 €",2017-07,21.7.2017,bei Jochen,19.8.2017,"347.100,25 €",,,,,,,,,,,,,,,
ER,K,"MASTERCARD Abrechnung DR. J
OHANNES MAINUSCH","146,79 €",2017-08,,bei Jochen,21.8.2017,"346.953,46 €",,,,,,,,,,,,,,,
AR,JM,Hanseatic Bank,"15.365,58 €",2017-07,4.8.2017,bei Jochen,22.8.2017,"362.319,04 €",,"4.497,25 €","0,00 €","3.898,13 €","0,00 €","3.990,94 €","0,00 €","0,00 €","0,00 €","525,94 €",,"5.568,75 €",,"4.950,00 €",
ER,RW,"Hetzner Online GmbH
Rechnungsnr.: R0007230178 -
Kundennr.: K0720512117","8,21 €",2017-08,,bei Jochen,24.8.2017,"362.310,83 €",,,,,,,,,,,,,,,
ER,JM,"1u1 Telecom GmbH
KD-Nr. K534249484/ RG-Nr. 1
50371942211","93,88 €",2017-08,,bei Jochen,25.8.2017,"362.216,95 €",,,,,,,,,,,,,,,
ER,BW,Gehalt Ben 2017-08,"3.869,65 €",2017-08,21.8.2017,bei Jochen,28.8.2017,"358.347,30 €",,,,,,,,,,,,,,,
ER,K,"Henrike Kessler, Foto Ben","178,50 €",2017-08,30.8.2017,bei Jochen,29.8.2017,"358.168,80 €",,,,,,,,,,,,,,,
ER,BW,"KKH, Ben","1.385,10 €",2017-08,,bei Jochen,29.8.2017,"356.783,70 €",,,,,,,,,,,,,,,
ER,K,"WPS, Erhan für BB","3.160,94 €",2017-08,16.8.2017,bei Jochen,29.8.2017,"353.622,76 €",,,,,,,,,,,,,,,
AR,JM,"BB, Erhan","3.793,13 €",2017-07,16.8.2017,bei Jochen,29.8.2017,"357.415,89 €",,"2.871,41 €","0,00 €","0,00 €","0,00 €","158,05 €","0,00 €","0,00 €","0,00 €","158,05 €",,,,,"3.160,94 €"
AR,BW,EOS,"9.520,00 €",2017-07,2.8.2017,bei Jochen,29.8.2017,"366.935,89 €",,"4.400,00 €","3.200,00 €","0,00 €","0,00 €","0,00 €","400,00 €","0,00 €","0,00 €","0,00 €","4.000,00 €",,,,"4.000,00 €"
ER,JM,Congstar,"134,54 €",2017-08,,bei Jochen,30.8.2017,"366.801,35 €",,,,,,,,,,,,,,,
ER,K,"Kontoführung
Abrechnung vom 31.08.2017","19,66 €",2017-08,,bei Jochen,31.8.2017,"366.781,69 €",,,,,,,,,,,,,,,
ER,K,Belegabrechnung AN 2017-08,"43,00 €",2017-08,1.9.2017,bei Jochen,1.9.2017,"366.738,69 €",,,,,,,,,,,,,,,
ER,K,"Auslage Ben, Taxi Prosoz","69,00 €",2017-09,1.9.2017,bei Jochen,1.9.2017,"366.669,69 €",,,,,,,,,,,,,,,
ER,RW,Sprachen Europas Liedke,"180,88 €",2017-09,4.9.2017,bei Jochen,1.9.2017,"366.488,81 €",,,,,,,,,,,,,,,
ER,K,"hauptsache.net, Miete","824,78 €",2017-09,1.9.2017,bei Jochen,1.9.2017,"365.664,03 €",,,,,,,,,,,,,,,
GV,K,Kommanditistenentnahme 2017-09,"6.000,00 €",2017-09,,bei Jochen,1.9.2017,"359.664,03 €",,,,,,,,,,,,,,,
GV,K,Kommanditistenentnahme 2017-09,"6.000,00 €",2017-09,,bei Jochen,1.9.2017,"353.664,03 €",,,,,,,,,,,,,,,
GV,K,Kommanditistenentnahme 2017-09,"6.000,00 €",2017-09,,bei Jochen,1.9.2017,"347.664,03 €",,,,,,,,,,,,,,,
ER,K,"Susanne Bartel, BB","7.705,25 €",2017-07,4.8.2017,bei Jochen,1.9.2017,"339.958,78 €",,,,,,,,,,,,,,,
ER,K,"Reisekosten JM, BB","1.641,27 €",2017-09,4.9.2017,bei Jochen,4.9.2017,"338.317,51 €",,,,,,,,,,,,,,,
ER,K,303-1945747-6869143 Amazon,"29,84 €",2017-09,5.9.2017,bei Jochen,5.9.2017,"338.287,67 €",,,,,,,,,,,,,,,
ER,RW,Belegabrechnung RW 2017-08-01,"165,33 €",2017-08,4.9.2017,bei Jochen,5.9.2017,"338.122,34 €",,,,,,,,,,,,,,,
ER,K,"Thiemer & Ralf, 10745-010","190,40 €",2017-09,5.9.2017,bei Jochen,5.9.2017,"337.931,94 €",,,,,,,,,,,,,,,
ER,K,Miete mindspace,"3.498,60 €",2017-08,1.9.2017,bei Jochen,5.9.2017,"334.433,34 €",,,,,,,,,,,,,,,
ER,K,mite,"20,00 €",2017-09,4.9.2017,bei Jochen,6.9.2017,"334.413,34 €",,,,,,,,,,,,,,,
AR,JM,"BB, Susanne","9.631,56 €",2017-07,10.8.2017,bei Jochen,6.9.2017,"344.044,90 €",,"7.323,22 €","0,00 €","0,00 €","0,00 €","385,26 €","0,00 €","0,00 €","0,00 €","385,26 €",,,,,"7.705,25 €"
AR,JM,"Berenberg, Sven, 2017-08-30-10019","13.796,56 €",2017-08,30.8.2017,bei Jochen,6.9.2017,"357.841,46 €",,"10.490,02 €","0,00 €","0,00 €","0,00 €","551,86 €","0,00 €","0,00 €","0,00 €","551,86 €",,,,,"11.037,25 €"
ER,AN,"vcomtec UG (haftungsbeschraenkt)
RgNr 3094 vom 17.08.2017 Vi
elen Dank, Wolkesicher","4,99 €",2017-09,,bei Jochen,7.9.2017,"357.836,47 €",,,,,,,,,,,,,,,
ER,RW,"Drillisch Online AG
C2103104 U202110424 B256727
570 WINSIM B2C.DE","16,99 €",2017-09,,bei Jochen,8.9.2017,"357.819,48 €",,,,,,,,,,,,,,,
ER,RW,RK Herbstcampus 09/2017,"72,00 €",2017-09,9.9.2017,bei Jochen,8.9.2017,"357.747,48 €",,,,,,,,,,,,,,,
AR,AN,"Bäckerei Günther, 2017-09-06-10030","833,00 €",2017-08,6.9.2017,bei Jochen,8.9.2017,"358.580,48 €",,"140,00 €","0,00 €","525,00 €","0,00 €","0,00 €","0,00 €","35,00 €","0,00 €","0,00 €",,"700,00 €",,,
AR,JM,"SIGS Datacom, 2017-08-30-10018","2.677,50 €",2017-08,30.8.2017,bei Jochen,8.9.2017,"361.257,98 €",,"450,00 €","0,00 €","0,00 €","0,00 €","1.687,50 €","0,00 €","0,00 €","0,00 €","112,50 €",,,,"2.250,00 €",
ER,K,"Thiemer & Ralf, 10745-016","249,90 €",2017-09,12.9.2017,bei Jochen,12.9.2017,"361.008,08 €",,,,,,,,,,,,,,,
ER,K,"STEUERKASSE HAMBURG
STEUERNR 048/638/01147 LOHN
ST JUL.17 1.511,45EUR","1.511,45 €",2017-09,,bei Jochen,12.9.2017,"359.496,63 €",,,,,,,,,,,,,,,
ER,K,"Anke Nehrenberg, RKA","194,95 €",2017-09,13.9.2017,bei Jochen,13.9.2017,"359.301,68 €",,,,,,,,,,,,,,,
ER,K,Rechnung Sven Röpstorff Berenberg,"11.037,25 €",2017-09,13.9.2017,bei Jochen,13.9.2017,"348.264,43 €",,,,,,,,,,,,,,,
ER,K,"Elena, BB","20.277,60 €",2017-08,1.9.2017,bei Jochen,13.9.2017,"327.986,83 €",,,,,,,,,,,,,,,
ER,RW,"Ralf Wirdemann, RKA?","242,00 €",2017-09,14.9.2017,bei Jochen,14.9.2017,"327.744,83 €",,,,,,,,,,,,,,,
ER,K,STEUERNR 048/638/01147 LOHN,"1.511,45 €",2017-09,14.9.2017,bei Jochen,14.9.2017,"326.233,38 €",,,,,,,,,,,,,,,
GV,K,Kommanditistenentnahme 2017-09 2,"2.000,00 €",2017-09,,bei Jochen,14.9.2017,"324.233,38 €",,,,,,,,,,,,,,,
AR,JM,"Prosoz, 2017-09-01-10026","3.332,00 €",2017-08,1.9.2017,bei Jochen,14.9.2017,"327.565,38 €",,"880,00 €","350,00 €","490,00 €","0,00 €","960,00 €","0,00 €","0,00 €","0,00 €","120,00 €",500,700,,"1.200,00 €",
AR,JM,"Berenberg, Elena,  2017-09-01-10020","25.347,00 €",2017-08,1.9.2017,bei Jochen,14.9.2017,"352.912,38 €",,"19.272,24 €","0,00 €","0,00 €","0,00 €","1.013,88 €","0,00 €","0,00 €","0,00 €","1.013,88 €",,,,,"20.277,60 €"
ER,K,Eurowings GmbH,"619,96 €",2017-09,15.9.2017,bei Jochen,15.9.2017,"352.292,42 €",,,,,,,,,,,,,,,
AR,BW,"Wer-liefert-was,  2017-09-01-10024","2.776,67 €",2017-08,1.9.2017,bei Jochen,15.9.2017,"355.069,09 €",,"466,66 €","1.750,01 €","0,00 €","0,00 €","0,00 €","116,67 €","0,00 €","0,00 €","0,00 €","2.333,34 €",,,,
AR,BW,"Wer-liefert-was, 2017-09-01-10025","8.466,85 €",2017-08,1.9.2017,bei Jochen,15.9.2017,"363.535,94 €",,"1.423,00 €","5.336,25 €","0,00 €","0,00 €","0,00 €","355,75 €","0,00 €","0,00 €","0,00 €","7.115,00 €",,,,
ER,K,STEUERNR 048/638/01147 UMS.,"14.036,84 €",2017-09,15.9.2017,bei Jochen,15.9.2017,"349.499,10 €",,,,,,,,,,,,,,,
AR,JM,"Berenberg, JM, 2017-09-01-10028","18.902,81 €",2017-08,5.9.2017,bei Jochen,15.9.2017,"368.401,91 €",,"4.455,96 €","0,00 €","0,00 €","0,00 €","10.714,46 €","0,00 €","0,00 €","0,00 €","714,30 €",,,,"14.285,94 €",
AR,RW,"Berenberg, RW, 2017-09-05-10029","29.180,56 €",2017-08,5.9.2017,bei Jochen,15.9.2017,"397.582,47 €",,"5.061,48 €","0,00 €","0,00 €","18.243,75 €","0,00 €","0,00 €","0,00 €","1.216,25 €","0,00 €",,,"24.325,00 €",,
AR,JM,"Berenberg, Jutta, 2017-09-12-10032","13.333,95 €",2017-08,12.9.2017,bei Jochen,18.9.2017,"410.916,42 €",,"10.094,73 €","0,00 €","0,00 €","0,00 €","555,14 €","0,00 €","0,00 €","0,00 €","555,14 €",,,,,"11.102,70 €"
ER,AN,"SEPA-Basislastschrift
Telekom Deutschland GmbH
MOBILFUNK KUNDENKONTO 00004
7280704 0021224255012641/04
.09.17","37,95 €",2017-09,18.9.2017,bei Jochen,18.9.2017,"410.878,47 €",,,,,,,,,,,,,,,
ER,K,"18.09.2017
18.09.2017        SEPA-Basislastschrift
AMAZON EU S.A R.L., NIEDERLASSUNG DEUTSCHLAND
303-9402801-9903500 Amazon.
de 0960346591387170        -8,50 EUR","8,50 €",2017-09,18.9.2017,bei Jochen,18.9.2017,"410.869,97 €",,,,,,,,,,,,,,,
AR,JM,"Berenberg, Erhan, 2017-09-08-10031","20.572,13 €",2017-09,8.9.2017,bei Jochen,18.9.2017,"431.442,10 €",,"15.846,88 €","0,00 €","0,00 €","0,00 €","720,31 €","0,00 €","0,00 €","0,00 €","720,31 €",,,,,"14.406,25 €"
ER,AN,Telekom,"37,95 €",2017-09,6.9.2017,bei Jochen,18.9.2017,"431.404,15 €",,,,,,,,,,,,,,,
ER,K,"SEPA-Basislastschrift
AMAZON EU S.A R.L., NIEDERLASSUNG DEUTSCHLAND
304-8741811-9441935 Amazon.
de 0190319623450716","8,98 €",2017-09,18.9.2017,bei Jochen,19.9.2017,"431.395,17 €",,,,,,,,,,,,,,,
ER,K,"Jutta Eckstein, BB","11.102,70 €",2017-09,12.9.2017,bei Jochen,21.9.2017,"420.292,47 €",,,,,,,,,,,,,,,
ER,K,"SEPA-Basislastschrift
GLS Gemeinschaftsbank eG
MASTERCARD Abrechnung DR. J
OHANNES MAINUSCH","491,55 €",2017-09,21.9.2017,bei Jochen,21.9.2017,"419.800,92 €",,,,,,,,,,,,,,,
ER,K,Kreditkarte 2017-08,"491,55 €",2017-09,8.9.2017,bei Jochen,21.9.2017,"419.309,37 €",,,,,,,,,,,,,,,
AR,JM,"Hanseatic Bank, 2017-09-01-10023","9.786,08 €",2017-08,1.9.2017,bei Jochen,22.9.2017,"429.095,45 €",,"4.443,60 €","0,00 €","3.307,50 €","0,00 €","236,25 €","0,00 €","0,00 €","0,00 €","236,25 €",,"4.725,00 €",,,
ER,RW,"SEPA-Basislastschrift
Hetzner Online GmbH
Rechnungsnr.: R0007324712 -
Kundennr.: K0720512117","8,21 €",2017-09,22.9.2017,bei Jochen,22.9.2017,"429.087,24 €",,,,,,,,,,,,,,,
ER,JM,"SEPA-Basislastschrift
congstar GmbH
Kundennummer 2203095056/RG
7210507945 vom 18.09.17","67,03 €",2017-09,25.9.2017,bei Jochen,25.9.2017,"429.020,21 €",,,,,,,,,,,,,,,
ER,JM,"SEPA-Basislastschrift
1u1 Telecom GmbH
KD-Nr. K534249484/ RG-Nr. 1
50379373678","25,31 €",2017-09,26.9.2017,bei Jochen,26.9.2017,"428.994,90 €",,,,,,,,,,,,,,,
ER,BW,"SEPA-Basislastschrift
KKH HAUPTVERW., HANNOVER
BEITRAG 09/17 FUER 93525026
KOMMISTMENT GMBH + CO. KG
SOZIALVERSICHERUNGSBEITRAG
KKH 1.385,10 EU
R Mandat 0508200382-0202-2","1.385,10 €",2017-09,27.9.2017,bei Jochen,27.9.2017,"427.609,80 €",,,,,,,,,,,,,,,
ER,K,"WPS, Erhan für BB","17.143,44 €",2017-09,8.9.2017,bei Jochen,28.9.2017,"410.466,36 €",,,,,,,,,,,,,,,
AR,AN,"Futurepreneur, 2017-09-01-10027","297,50 €",2017-08,1.9.2017,bei Jochen,29.9.2017,"410.763,86 €",,"81,94 €","0,00 €","157,56 €","0,00 €","0,00 €","0,00 €","10,50 €","0,00 €","0,00 €",,"210,08 €",,,
ER,K,"Zinsen/Kontoführung
Abrechnung vom 29.09.2017","19,37 €",2017-09,29.9.2017,bei Jochen,29.9.2017,"410.744,49 €",,,,,,,,,,,,,,,
ER,K,"hauptsache.net GmbH
Miete Büro kommitment
Dauerauftrag: 1","824,78 €",2017-10,2.10.2017,bei Jochen,2.10.2017,"409.919,71 €",,,,,,,,,,,,,,,
GV,JM,Kommanditistenentnahme 2017-10,"6.000,00 €",2017-10,,bei Jochen,3.10.2017,"403.919,71 €",,,,,,,,,,,,,,,
GV,AN,Kommanditistenentnahme 2017-10,"6.000,00 €",2017-10,,bei Jochen,3.10.2017,"397.919,71 €",,,,,,,,,,,,,,,
GV,RW,Kommanditistenentnahme 2017-10,"8.000,00 €",2017-10,,bei Jochen,3.10.2017,"389.919,71 €",,,,,,,,,,,,,,,
ER,K,Belege-kommitment-2017-09-JM,"1.015,65 €",2017-10,8.9.2017,bei Jochen,4.10.2017,"388.904,06 €",,,,,,,,,,,,,,,
ER,K,RKA-Breuninger-2017-09-JM,"586,09 €",2017-10,8.9.2017,bei Jochen,4.10.2017,"388.317,97 €",,,,,,,,,,,,,,,
ER,K,Gehalt BW 2017-09,"3.869,65 €",2017-09,6.10.2017,bei Jochen,4.10.2017,"384.448,32 €",,,,,,,,,,,,,,,
ER,K,mite,"20,00 €",2017-10,6.10.2017,bei Jochen,6.10.2017,"384.428,32 €",,,,,,,,,,,,,,,
ER,K,Thiemer & Ralf Re. Nr. 10745017,"95,85 €",2017-09,6.10.2017,bei Jochen,6.10.2017,"384.332,47 €",,,,,,,,,,,,,,,
ER,K,"hauptsache.net, Schlüssel Ben","92,82 €",2017-09,6.10.2017,bei Jochen,6.10.2017,"384.239,65 €",,,,,,,,,,,,,,,
ER,AN,vcomtec Wolkesicher,"4,99 €",2017-09,6.10.2017,bei Jochen,9.10.2017,"384.234,66 €",,,,,,,,,,,,,,,
ER,K,"Eurowings GmbH, Flug AN 20171122 Breuni","119,98 €",2017-10,9.10.2017,bei Jochen,9.10.2017,"384.114,68 €",,,,,,,,,,,,,,,
ER,K,RKA-Breuninger-2017-10-JM,"233,50 €",2017-10,9.10.2017,bei Jochen,9.10.2017,"383.881,18 €",,,,,,,,,,,,,,,
ER,RW,"Winsim, Drillisch","22,99 €",2017-10,,bei Jochen,10.10.2017,"383.858,19 €",,,,,,,,,,,,,,,
AR,JM,"BB, Susanne 2017-10-06-10035","3.175,81 €",2017-09,6.10.2017,bei Jochen,10.10.2017,"387.034,00 €",,"2.455,25 €","0,00 €","0,00 €","0,00 €","106,75 €","0,00 €","0,00 €","0,00 €","106,75 €",,,,,"2.135,00 €"
ER,K,"Elena, BB","17.136,00 €",2017-09,6.10.2017,bei Jochen,11.10.2017,"369.898,00 €",,,,,,,,,,,,,,,
AR,JM,"BB, Elena 2017-10-06-10034","21.420,00 €",2017-09,6.10.2017,bei Jochen,11.10.2017,"391.318,00 €",,"16.560,00 €","0,00 €","0,00 €","0,00 €","720,00 €","0,00 €","0,00 €","0,00 €","720,00 €",,,,,"14.400,00 €"
ER,K,"BB, Sven","11.537,05 €",2017-09,6.10.2017,bei Jochen,12.10.2017,"379.780,95 €",,,,,,,,,,,,,,,
AR,JM,"BB, Erhan 2017-10-06-10033","18.876,38 €",2017-09,6.10.2017,bei Jochen,12.10.2017,"398.657,33 €",,"14.540,63 €","0,00 €","0,00 €","0,00 €","660,94 €","0,00 €","0,00 €","0,00 €","660,94 €",,,,,"13.218,75 €"
AR,JM,"BB, Jutta 2017-10-06-10043","15.877,58 €",2017-09,6.10.2017,bei Jochen,12.10.2017,"414.534,91 €",,"12.230,63 €","0,00 €","0,00 €","0,00 €","555,94 €","0,00 €","0,00 €","0,00 €","555,94 €",,,,,"11.118,75 €"
AR,RW,"BB, Ralf  2017-10-06-10037","13.952,75 €",2017-09,6.10.2017,bei Jochen,12.10.2017,"428.487,66 €",,"2.345,00 €","0,00 €","0,00 €","8.793,75 €","0,00 €","0,00 €","0,00 €","586,25 €","0,00 €",,,"11.725,00 €",,
AR,JM,"BB, Johannes 2017-10-09-10044","9.148,13 €",2017-09,9.10.2017,bei Jochen,12.10.2017,"437.635,79 €",,"1.537,50 €","0,00 €","0,00 €","0,00 €","5.765,63 €","0,00 €","0,00 €","0,00 €","384,38 €",,,,"7.687,50 €",
ER,K,"Sven, AOK","666,40 €",2017-09,9.10.2017,bei Jochen,13.10.2017,"436.969,39 €",,,,,,,,,,,,,,,
ER,K,Miete mindspace,"3.498,60 €",2017-10,11.10.2017,bei Jochen,13.10.2017,"433.470,79 €",,,,,,,,,,,,,,,
ER,K,"STEUERKASSE HAMBURG
STEUERNR 048/638/01147 LOHN
ST SEP.17 1.511,45EUR","1.511,45 €",2017-10,,bei Jochen,13.10.2017,"431.959,34 €",,,,,,,,,,,,,,,
ER,K,Thiemer & Ralf Re. Nr. 10745018,"499,80 €",2017-10,13.10.2017,bei Jochen,13.10.2017,"431.459,54 €",,,,,,,,,,,,,,,
ER,RW,"Sprachen Europas Liedke
BIC:DEUTDEDBHAM
IBAN:DE84200700240406327700
Datum: 13.10.17 Zeit: 15:35
UFT 0020630894 TAN 948721
Rechnung 1541","180,88 €",2017-10,,bei Jochen,13.10.2017,"431.278,66 €",,,,,,,,,,,,,,,
ER,K,"BB, Jutta","13.231,31 €",2017-09,6.10.2017,bei Jochen,20.10.2017,"418.047,35 €",,,,,,,,,,,,,,,
ER,K,"WPS, Erhan für BB","15.730,31 €",2017-09,6.10.2017,bei Jochen,25.10.2017,"402.317,04 €",,,,,,,,,,,,,,,
ER,K,"BB, Susanne (August)","2.540,65 €",2017-09,6.10.2017,bei Jochen,30.10.2017,"399.776,39 €",,,,,,,,,,,,,,,
ER,K,"BB, Susanne (September)","7.372,05 €",2017-09,10.10.2017,bei Jochen,7.11.2017,"392.404,34 €",,,,,,,,,,,,,,,
VB,AN,Einarbeitung Ben,"0,00 €",2017-06,,,,"392.404,34 €",,,,"1.500,00 €",,,,,,,,,,,
ER,RW,Belegeabrechnung 07,"13,99 €",2017-07,8.8.2017,bei Jochen,,"392.404,34 €",,,,,,,,,,,,,,,
ER,RW,Notebook Hülle,"29,84 €",2017-09,9.9.2017,bei Jochen,,"392.404,34 €",,,,,,,,,,,,,,,
ER,JM,MacBook Pro,"2.236,45 €",2017-10,09.10.2017,bei Jochen,,"392.404,34 €",,,,,,,,,,,,,,,
ER,AN,Apple Watch 3,"449,00 €",2017-10,09.10.2017,bei Jochen,,"392.404,34 €",,,,,,,,,,,,,,,
ER,AN,Apple Care für Watch,"65,00 €",2017-10,09.10.2017,bei Jochen,,"392.404,34 €",,,,,,,,,,,,,,,
ER,AN,Wolkesicher,"4,99 €",2017-10,20.10.2017,bei Jochen,,"392.404,34 €",,,,,,,,,,,,,,,
ER,K,"STEUERKASSE HAMBURG
STEUERNR 048/638/01147 UMS.
ST AUG.17 11.984,43EUR","11.984,43 €",2017-10,,bei Jochen,16.10.2017,"380.419,91 €",,,,,,,,,,,,,,,
ER,AN,Telekom,"37,95 €",2017-10,06.10.2017,bei Jochen,16.10.2017,"380.381,96 €",,,,,,,,,,,,,,,
AR,JM,"LossTech, RN_20170405","952,00 €",2017-03,04.04.2017,bei Jochen,,"380.381,96 €",,"160,00 €","0,00 €","0,00 €","0,00 €","600,00 €","0,00 €","0,00 €","0,00 €","40,00 €",,,,"800,00 €",
AR,K,"JAX 2017, RN_20170601-03","2.000,00 €",2017-05,01.06.2017,bei Jochen,,"380.381,96 €",,"280,67 €","0,00 €","0,00 €","700,00 €","700,00 €","0,00 €","0,00 €","0,00 €","0,00 €",,,"1.000,00 €","1.000,00 €",
AR,JM,"Breuninger, 2017-09-01-10021","4.406,97 €",2017-08,1.9.2017,bei Jochen,,"380.381,96 €",,"943,34 €","0,00 €","2.065,00 €","0,00 €","522,50 €","0,00 €","0,00 €","0,00 €","172,50 €",,"2.950,00",,"500,00 €",
AR,JM,Breuninger,"12.019,00 €",2017-07,3.8.2017,bei Jochen,,"380.381,96 €",,"2.020,00 €","0,00 €","1.295,00 €","0,00 €","6.280,00 €","0,00 €","0,00 €","0,00 €","505,00 €",,"1.850,00 €",,"8.250,00 €",
AR,JM,"Hanseatic Bank, 2017-10-06-10038","35.914,02 €",2017-09,6.10.2017,bei Jochen,,"380.381,96 €",,"8.834,85 €","10.959,38 €","5.591,25 €","0,00 €","3.460,31 €","0,00 €","0,00 €","0,00 €","1.334,06 €","15.656,25 €","7.987,50 €",,"3.037,50 €",
AR,JM,Breuninger 2017-10-06-10039,"16.861,61 €",2017-09,6.10.2017,bei Jochen,,"397.243,57 €",,"3.302,76 €","0,00 €","700,00 €","0,00 €","9.487,50 €","0,00 €","0,00 €","0,00 €","679,17 €",,1000,,"12.583,33 €",
AR,BW,wlw 2017-10-06-10040,"4.016,25 €",2017-09,6.10.2017,bei Jochen,20.10.2017,"401.259,82 €",,"675,00 €","2.531,25 €","0,00 €","0,00 €","0,00 €","168,75 €","0,00 €","0,00 €","0,00 €","3.375,00 €",,,,
AR,BW,wlw 2017-10-06-10041,"1.606,50 €",2017-09,6.10.2017,bei Jochen,20.10.2017,"402.866,32 €",,"270,00 €","1.012,50 €","0,00 €","0,00 €","0,00 €","67,50 €","0,00 €","0,00 €","0,00 €","1.350,00 €",,,,
AR,JM,"BB, Sven 2017-10-06-10042","14.421,31 €",2017-09,6.10.2017,bei Jochen,,"402.866,32 €",,"11.149,25 €","0,00 €","0,00 €","0,00 €","484,75 €","0,00 €","0,00 €","0,00 €","484,75 €",,,,,"9.695,00 €"
AR,JM,"BB, Susanne 2017-10-11-10045","9.215,06 €",2017-09,11.10.2017,bei Jochen,20.10.2017,"412.081,38 €",,"7.124,25 €","0,00 €","0,00 €","0,00 €","309,75 €","0,00 €","0,00 €","0,00 €","309,75 €",,,,,"6.195,00 €"